Manufacturer,Model,Chipset,Socket,Memory,Slots,Price
Asus,X99-E WSUSB WORKSTATION MOTHERBOARD,Intel,2011,DDR4,8,983
Asus,P9X79-E WS,Intel,2011,DDR3,8,967
Asus,Z10PE-D8 WS,Intel,2011,DDR4,8,600
Asus,Z9PE-D8 WS,Intel,2011,DDR3,8,529
MSI,X99A GAMING 9 ACK,Intel,2011,DDR4,8,518
MSI,X99A GAMING 9 ACK,Intel,2011,DDR4,8,518
Asus,B150 PRO GAMING D3,Intel,1151,DDR3,4,464
Asus,Z97-WS,Intel,1150,DDR3,4,442
MSI,Z170A GAMING M9 ACK,Intel,1151,DDR4,4,433
Asus,RampageIV Formula BF3,Intel,2011,DDR3,4,418
Asus,Crosshair IV Extreme,AMD,AM3,DDR3,4,411
MSI,X99A XPOWER GAMING TITANIUM,Intel,2011,DDR4,8,401
Asus,Maximus V ExtrM,Intel,1155,DDR3,4,393
Asus,ROG Strix X99 Gaming,Intel,2011,DDR4,8,389
Asus,P8Z77 WS,Intel,1155,DDR3,4,387
Asus,Maximus VII Gene,Intel,1150,DDR3,4,366
Asus,X79-DELUXE,Intel,2011,DDR3,8,354
Asus,Rampage IV Black,Intel,2011,DDR3,8,344
Asus,X99-E WS,Intel,2011,DDR4,8,330
MSI,X99S XPOWER AC,Intel,2011,DDR4,8,322
Asus,MAXIMUS VIII EA,Intel,1151,DDR4,4,321
MSI,M2-A85XA-G65,AMD,FM2,DDR3,4,318
Asus,Sabertooth X99,Intel,2011,DDR4,8,314
Asus,Maximus V Form TFX,Intel,1155,DDR3,4,312
Asus,Rampage V Extreme U3K1,Intel,2011,DDR4,8,312
Asus,Sabertooth X79,Intel,2011,DDR3,8,299
Asus,X99-DELUXE,Intel,2011,DDR4,8,299
Asus,Z170 PRO GAMING,Intel,1151,DDR4,4,296
Asus,P8Z77-V PRO,Intel,1155,DDR3,4,294
Asus,Z97M-PLUS,Intel,1150,DDR3,4,293
Asus,RampageIV Formula,Intel,2011,DDR3,4,289
MSI,X99A SLI PLUS,Intel,2011,DDR4,8,288
MSI,X99A GODLIKE Gaming,Intel,2011,DDR4,8,285
MSI,X99A GODLIKE Gaming,Intel,2011,DDR4,8,285
MSI,X99S GAMING 9 AC,Intel,2011,DDR4,8,285
Asus,Sabertooth Z97 MS,Intel,1150,DDR3,4,284
MSI,BH270 Tomahawk Artic,Intel,1151,DDR4,4,279
Asus,P9X79 DELUXE,Intel,2011,DDR3,8,271
Asus,Z170I Pro Gaming,Intel,1151,DDR4,2,269
MSI,H97 PC Mate,Intel,1150,DDR3,4,259
MSI,Z170A XPOWER GAMING TE,Intel,1151,DDR4,4,255
MSI,Z170A XPOWER GAMING TITANIUM EDITION,Intel,1151,DDR4,4,255
Asus,X99-A II,Intel,2011,DDR4,8,252
Asus,X99-A,Intel,2011,DDR4,8,252
Asus,Maximus IX Code,Intel,1151,DDR4,4,251
Asus,Maximus V GENE,Intel,1155,DDR3,4,250
Asus,X99-PRO,Intel,2011,DDR4,8,250
Asus,Maximus VII Ranger,Intel,1150,DDR3,4,249
Asus,H170 Pro,Intel,1151,DDR4,4,248
MSI,Z170A GAMING M5,Intel,1151,DDR4,4,243
MSI,Z170A GAMING M5,Intel,1151,DDR4,4,243
MSI,99 Gaming Pro Carbon,Intel,2011,DDR4,8,242
MSI,99A GAMING 7,Intel,2011,DDR4,8,242
Asus,Prime B350-PLUS,AMD,AM4,DDR4,4,241
MSI,X99A SLI Krait Edition,Intel,2011,DDR4,8,241
MSI,S-7778 (Jasmine),AMD,FM2,DDR3,4,241
Asus,MaximusIII Ext,Intel,1156,DDR3,4,239
MSI,Z270 Gaming M5,Intel,1151,DDR4,4,239
Asus,Z97-DELUXE,Intel,1150,DDR3,4,238
Asus,Z97 Deluxe,Intel,1150,DDR3,4,238
MSI,X99S GAMING 7,Intel,2011,DDR4,8,238
Asus,Maximus VII Impact,Intel,1150,DDR3,2,237
Asus,Crosshair III F,AMD,AM3,DDR3,4,235
MSI,B250M Pro Gaming,Intel,1151,DDR4,2,235
Asus,Maximus VI Form,Intel,1150,DDR3,4,230
MSI,X99A RAIDER,Intel,2011,DDR4,8,229
MSI,X99A RAIDER,Intel,2011,DDR4,8,229
Asus,P9X79 PRO,Intel,2011,DDR3,8,228
Asus,Z97I-PLUS,Intel,1150,DDR3,2,223
Asus,Crosshair V Formula-Z,AMD,AM3,DDR3,4,223
Asus,RampageIV GENE,Intel,2011,DDR3,4,222
MSI,990FXA-GD80V2,AMD,AM3,DDR3,4,221
Asus,ROG RAMPAGE V E10,Intel,2011,DDR4,8,218
Asus,X99-S,Intel,2011,DDR4,8,217
MSI,X99S SLI PLUS,Intel,2011,DDR4,8,217
MSI,Z87I GAMING AC,Intel,1150,DDR3,2,216
MSI,Z97I GAMING AC,Intel,1150,DDR3,2,216
MSI,B150A GAMING PRO,Intel,1151,DDR4,4,214
Asus,ROG Crosshair VI Hero,AMD,AM4,DDR4,4,212
Asus,Maximus IV Extreme,Intel,1155,DDR3,4,210
Asus,Maximus IV Ex Z,Intel,1155,DDR3,4,210
Asus,P7P55D Premium,Intel,1156,DDR3,4,210
MSI,Z87 MPOWER SP,Intel,1150,DDR3,4,209
MSI,Z170A GAMING M9 ACK,Intel,1151,DDR4,4,207
Asus,P9X79 LE,Intel,2011,DDR3,8,204
Asus,MaximusIII Form,Intel,1156,DDR3,4,201
Asus,Gryphon Z97,Intel,1150,DDR3,4,200
Asus,Z87-Plus,Intel,1150,DDR3,4,199
Asus,P8H61-I,Intel,1155,DDR3,2,199
MSI,Z170A Gaming PRO,Intel,1151,DDR4,4,199
Asus,P8Z77-I Deluxe,Intel,1155,DDR3,2,197
MSI,H97 Gaming 9 ACK,Intel,1150,DDR3,4,196
Asus,Crosshair V Formula,AMD,AM3,DDR3,4,195
MSI,Z170A-G45 GAMING,Intel,1151,DDR4,4,193
MSI,Z170A GAMING M3,Intel,1151,DDR4,4,191
MSI,Z170 Gaming M3,Intel,1151,DDR4,4,191
Asus,Z170-K,Intel,1151,DDR4,4,189
Asus,Prime H270M-PLUS,Intel,1151,DDR4,4,187
Asus,Maximus VII Hero,Intel,1150,DDR3,4,185
MSI,H110M Gaming,Intel,1151,DDR4,2,185
MSI,H110M PRO-VD,Intel,1151,DDR4,2,185
MSI,Z170-A PRO,Intel,1151,DDR4,4,183
Asus,Rampage V Extreme,Intel,2011,DDR4,8,181
Asus,Maximus VI Gene,Intel,1150,DDR3,4,180
MSI,H97 MPOWER MAX AC,Intel,1150,DDR3,4,180
Asus,Maximus VIII Gene,Intel,1151,DDR4,4,179
Asus,P8Z77-V Premium,Intel,1155,DDR3,4,179
Asus,Z97-PRO,Intel,1150,DDR3,4,176
Asus,Maximus VI Extreme,Intel,1150,DDR3,4,175
Asus,Z170-DELUXE,Intel,1151,DDR4,4,175
Asus,Maximus VIII Ranger,Intel,1151,DDR4,4,174
Asus,ROG STRIX B350-F GAMING,AMD,AM4,DDR4,4,173
Asus,B150-PLUS D3 ATX,Intel,1151,DDR3,4,171
Asus,Maximus VI Hero,Intel,1150,DDR3,4,170
Asus,M5A99FX PRO R2K0,AMD,AM3,DDR3,4,170
MSI,Z170A SLI PLUS,Intel,1151,DDR4,4,170
Asus,Z87-DELUXE/QUAD,Intel,1150,DDR3,4,169
Asus,Z87-DELUXE,Intel,1150,DDR3,4,169
Asus,Z87-DELUXE/DUAL,Intel,1150,DDR3,4,169
Asus,B150M-A,Intel,1151,DDR4,4,169
MSI,B150 GAMING M3,Intel,1151,DDR4,4,169
MSI,Z170A KRAIT GAMING,Intel,1151,DDR4,4,169
MSI,Z170A SLI PLUS,Intel,1151,DDR4,4,169
Asus,P9D WS,Intel,1150,DDR3,4,167
Asus,Crosshair IV F,AMD,AM3,DDR3,4,167
Asus,970 PRO GAMING AURA,AMD,AM3,DDR3,4,167
MSI,Z87I,Intel,1150,DDR3,2,166
Asus,Sabertooth Z97 M1,Intel,1150,DDR3,4,165
Asus,Sabertooth 990FXGEN3 R2K0,AMD,AM3,DDR3,4,163
Asus,Sabertooth 990FX,AMD,AM3,DDR3,4,163
MSI,Z97-G45 GAMING,Intel,1150,DDR3,4,163
Asus,Sabertooth Z97 M2,Intel,1150,DDR3,4,162
Asus,MAXIMUS VIII IMPACT,Intel,1151,DDR4,2,160
Asus,Maximus VIII Hero,Intel,1151,DDR4,4,160
Asus,P8Z77-V Deluxe,Intel,1155,DDR3,4,160
Asus,P8H67-M EVO,Intel,1155,DDR3,4,159
MSI,Z87 MPOWER MAX,Intel,1150,DDR3,4,159
MSI,Z170A Tomahawk AC,Intel,1151,DDR4,4,159
MSI,H170 Gaming M3,Intel,1151,DDR4,4,157
MSI,Z170A PC Mate,Intel,1151,DDR4,4,157
MSI,H97 GAMING 7,Intel,1150,DDR3,4,156
MSI,Z170 Mortar,Intel,1151,DDR4,4,155
MSI,Z170 Mortar,Intel,1151,DDR4,4,155
Asus,Z87-WS,Intel,1150,DDR3,4,154
Asus,ST Z170 MARK 1,Intel,1151,DDR4,4,154
Asus,Maximus V Formula,Intel,1155,DDR3,4,153
Asus,P8Z77-V PRO/TB,Intel,1155,DDR3,4,150
Asus,P7P55D-E PRO,Intel,1156,DDR3,4,150
Asus,M5A99X EVO,AMD,AM3,DDR3,4,150
Asus,Z97-PRO GAMER,Intel,1150,DDR3,4,149
Asus,H97-PRO GAMER,Intel,1150,DDR3,4,149
Asus,ROG Strix Z270F G,Intel,1151,DDR4,4,149
Asus,P8Z68 DELUXE,Intel,1155,DDR3,4,149
MSI,Z170A Tomahawk AC,Intel,1151,DDR4,4,148
MSI,Z97S SLI PLUS,Intel,1150,DDR3,4,147
MSI,Z87 MPOWER,Intel,1150,DDR3,4,146
MSI,H97-GD65 GAMING,Intel,1150,DDR3,4,145
Asus,P8Z77-M PRO,Intel,1155,DDR3,4,144
Asus,P8Z68-V LX,Intel,1155,DDR3,4,144
Asus,P8C WS,Intel,1155,DDR3,4,143
MSI,H97 GAMING 5,Intel,1150,DDR3,4,143
Asus,P7H57D-V EVO,Intel,1156,DDR3,4,138
MSI,Z270 Gaming Pro Carbone,Intel,1151,DDR4,4,137
Asus,P8Z77-V,Intel,1155,DDR3,4,136
Asus,P8B WS,Intel,1155,DDR3,4,135
MSI,B150I GAMING PRO AC,Intel,1151,DDR4,2,135
Asus,TUF Z270 Mark 2,Intel,1151,DDR4,4,134
Asus,z170 Sabertooth M1,Intel,1151,DDR4,4,134
Asus,Maximus IV 1,Intel,1155,DDR3,4,133
Asus,Maximus IV 2,Intel,1155,DDR3,4,133
Asus,Z87-EXPERT,Intel,1150,DDR3,4,132
Asus,Sabertooth Z87,Intel,1150,DDR3,4,132
Asus,P8H77-I,Intel,1155,DDR3,2,132
Asus,Z97-E,Intel,1150,DDR3,4,132
MSI,Z170A GAMING M3,Intel,1151,DDR4,4,132
Asus,Maximus VIII HA,Intel,1151,DDR4,4,131
Asus,TUF Z270 MARK2,Intel,1151,DDR4,4,131
Asus,Z87M-PLUS,Intel,1150,DDR3,4,130
MSI,S-7778 (2AEO),AMD,FM2,DDR3,4,129
Asus,B150 Pro Gaming Aura,Intel,1151,DDR4,4,128
MSI,H110M Grenade,Intel,1151,DDR4,2,128
Asus,Z97-A,Intel,1150,DDR3,4,127
Asus,Z170-P,Intel,1151,DDR4,4,127
Asus,P7P55D Deluxe,Intel,1156,DDR3,4,125
MSI,Z87-GD65 GAMING,Intel,1150,DDR3,4,125
MSI,H97 Gaming 3,Intel,1150,DDR3,4,125
MSI,H97S SLI Krait Edition,Intel,1150,DDR3,4,125
MSI,X99S SLI KRAIT EDITION,Intel,2011,DDR4,8,125
Asus,P8P67 WS Revo,Intel,1155,DDR3,4,124
Asus,P7P55D PRO,Intel,1156,DDR3,4,123
MSI,H97M-G43,Intel,1150,DDR3,4,123
Asus,M5A97 PRO,AMD,AM3,DDR3,4,122
Asus,M5A97 LE R2K0,AMD,AM3,DDR3,4,122
Asus,M5A97 R2K0,AMD,AM3,DDR3,4,122
MSI,350 GAMING PLUS,AMD,AM4,DDR4,4,122
Asus,P8Z77-V LE PLUS,Intel,1155,DDR3,4,120
Asus,Maximus III GENE,Intel,1156,DDR3,4,120
Asus,P7P55D-E Deluxe,Intel,1156,DDR3,4,120
Asus,P7P55D-E LX,Intel,1156,DDR3,4,120
Asus,P7P55D-E Prem,Intel,1156,DDR3,4,120
Asus,ROG STRIX Z270H G,Intel,1151,DDR4,4,119
Asus,P8P67 DELUXE,Intel,1155,DDR3,4,119
Asus,M5A78L-M LE,AMD,AM3,DDR3,2,119
Asus,M5A78L/USB3,AMD,AM3,DDR3,4,119
Asus,H97-PLUS,Intel,1150,DDR3,4,118
Asus,Prime Z270-P,Intel,1151,DDR4,4,118
Asus,Z170-E,Intel,1151,DDR4,4,118
Asus,H170 Pro Gaming,Intel,1151,DDR4,4,118
Asus,P7P55D-E EVO,Intel,1156,DDR3,4,118
MSI,Z87-G43 GAMING,Intel,1150,DDR3,4,117
MSI,Z170-A PRO,Intel,1151,DDR4,4,117
MSI,370 Gaming Pro Carbon,AMD,AM4,DDR4,4,117
Asus,ROG STRIX X299-E G,Intel,2066,DDR4,8,116
MSI,Z87M GAMING,Intel,1150,DDR3,4,116
MSI,Z87M-G43,Intel,1150,DDR3,4,116
MSI,Z87-G45 GAMING,Intel,1150,DDR3,4,115
Asus,Z87-PRO,Intel,1150,DDR3,4,114
Asus,H170M-Plus,Intel,1151,DDR4,4,114
Asus,Prime Z270-AR,Intel,1151,DDR4,4,114
Asus,ROG STRIX B250H G,Intel,1151,DDR4,4,113
Asus,Crossblade Ranger,AMD,FM2,DDR3,4,113
MSI,B150 PC MATE,Intel,1151,DDR4,4,113
MSI,Z170A PC Mate,Intel,1151,DDR4,4,113
MSI,Z270 SLI PLUS,Intel,1151,DDR4,4,113
MSI,H97M-G43,Intel,1150,DDR3,4,112
Asus,Z97-C,Intel,1150,DDR3,4,111
Asus,B150-PRO,Intel,1151,DDR4,4,111
Asus,P8Z68-VGEN3,Intel,1155,DDR3,4,111
Asus,P8Z68-V PRO,Intel,1155,DDR3,4,111
Asus,P8Z68-V ProGen3,Intel,1155,DDR3,4,111
Asus,H87M-PRO,Intel,1150,DDR3,4,110
Asus,Z87I-PRO,Intel,1150,DDR3,2,110
Asus,SABERTOOTH P67,Intel,1155,DDR3,4,109
MSI,Z270-A PRO,Intel,1151,DDR4,4,109
MSI,Z170A KRAIT GAMING,Intel,1151,DDR4,4,109
MSI,A88XI AC,AMD,FM2,DDR3,2,109
MSI,B250M PRO-VD,Intel,1151,DDR4,2,108
MSI,B350M Gaming Pro,AMD,AM4,DDR4,2,107
Asus,Z97-KUSB3K1,Intel,1150,DDR3,4,106
MSI,H97M-E,Intel,1150,DDR3,4,106
Asus,M5A99X EVO R2K0,AMD,AM3,DDR3,4,104
Asus,P8Z77-M,Intel,1155,DDR3,4,103
Asus,P8Z68 DELUXE GE,Intel,1155,DDR3,4,103
Asus,A88X-GAMER,AMD,FM2,DDR3,4,102
Asus,Sabertooth 55i,Intel,1156,DDR3,4,101
Asus,M5A78L-M LX3,AMD,AM3,DDR3,2,101
MSI,Z87-G55,Intel,1150,DDR3,4,101
MSI,H110M ECO,Intel,1151,DDR4,2,101
MSI,B150M NIGHT ELF,Intel,1151,DDR4,4,101
Asus,H81M-D PLUS,Intel,1150,DDR3,2,100
Asus,Gryphon Z87,Intel,1150,DDR3,4,100
Asus,Q87T,Intel,1150,DDR3,2,100
Asus,Z97-K,Intel,1150,DDR3,4,100
MSI,H97-G43 GAMING,Intel,1150,DDR3,4,100
Asus,CS-B,Intel,1150,DDR3,4,99
Asus,Maximus VI Impact,Intel,1150,DDR3,2,99
Asus,Z170M-E D3,Intel,1151,DDR3,4,99
Asus,Z170-AR,Intel,1151,DDR4,4,99
Asus,Z77-A,Intel,1155,DDR3,4,99
MSI,M2-A75IA-E53,AMD,FM2,DDR3,2,99
Asus,Trooper B85,Intel,1150,DDR3,2,98
Asus,Z170-P D3,Intel,1151,DDR3,4,98
Asus,P8P67 EVO,Intel,1155,DDR3,4,98
Asus,P8Z77-V LE,Intel,1155,DDR3,4,98
Asus,H97-PRO,Intel,1150,DDR3,4,97
Asus,P8H67-M LX,Intel,1155,DDR3,2,97
Asus,P7P55/USB3,Intel,1156,DDR3,4,97
MSI,Z270 Gaming M5,Intel,1151,DDR4,4,97
Asus,Z170-A,Intel,1151,DDR4,4,96
Asus,M5A97 EVO R2K0,AMD,AM3,DDR3,4,96
Asus,M5A87,AMD,AM3,DDR3,4,96
Asus,M5A97 EVO,AMD,AM3,DDR3,4,96
Asus,P8H61-M LX,Intel,1155,DDR3,2,95
Asus,A88XM-E,AMD,FM2,DDR3,2,95
MSI,B85M Gaming,Intel,1150,DDR3,4,95
MSI,350 TOMAHAWK,AMD,AM4,DDR4,4,94
MSI,88X-G43,AMD,FM2,DDR3,4,94
Asus,Z87-A,Intel,1150,DDR3,4,92
MSI,Z170M-A PRO,Intel,1151,DDR4,4,92
MSI,Z270 Gaming Pro,Intel,1151,DDR4,4,91
Asus,B85M-G PLUS,Intel,1150,DDR3,4,90
Asus,B85M-GAMER,Intel,1150,DDR3,4,90
Asus,B85M-G R2K0,Intel,1150,DDR3,4,90
MSI,880GMA-E35 (FX),AMD,AM3,DDR3,2,90
MSI,880GMA-E45,AMD,AM3,DDR3,4,90
MSI,880GMA-E55 (MS-7623),AMD,AM3,DDR3,4,90
Asus,P8P67 (REV 3K1),Intel,1155,DDR3,4,89
Asus,P8Z68-M PRO,Intel,1155,DDR3,4,89
Asus,P7H55-M,Intel,1156,DDR3,4,89
Asus,P7H55,Intel,1156,DDR3,6,89
MSI,Z270-A PRO,Intel,1151,DDR4,4,89
Asus,Z87-C,Intel,1150,DDR3,4,88
Asus,B150 Pro Gaming,Intel,1151,DDR4,4,88
Asus,P8P67 PRO,Intel,1155,DDR3,4,88
Asus,P8P67 PRO,Intel,1155,DDR3,4,88
Asus,P7P55D EVO,Intel,1156,DDR3,4,88
MSI,B85-G43 Gaming,Intel,1150,DDR3,4,87
Asus,P8H77-M,Intel,1155,DDR3,4,86
Asus,M4A77TD PRO,AMD,AM3,DDR3,4,86
MSI,75A-G55,AMD,FM1,DDR3,4,86
Asus,P8H61-MX,Intel,1155,DDR3,2,85
Asus,P8Q77-M,Intel,1155,DDR3,4,85
MSI,Z87-G43,Intel,1150,DDR3,4,85
Asus,B150M Plus,Intel,1151,DDR4,4,84
Asus,PRIME Z270-A,Intel,1151,DDR4,4,84
Asus,P8Z77-V LX2,Intel,1155,DDR3,4,84
Asus,Z170M-PLUS,Intel,1151,DDR4,4,83
Asus,P8Z77-V LK,Intel,1155,DDR3,4,83
Asus,Z77 V-LX,Intel,1155,DDR3,4,83
Asus,P8Z77-V LX,Intel,1155,DDR3,4,83
Asus,Sabertooth Z77,Intel,1155,DDR3,4,83
Asus,M4A79T Deluxe,AMD,AM3,DDR3,4,83
Asus,P8H67M-PRO,Intel,1155,DDR3,4,82
Asus,P8H77-M PRO,Intel,1155,DDR3,4,82
Asus,P8H67-I PRO,Intel,1155,DDR3,2,82
Asus,P8P67-M PRO,Intel,1155,DDR3,4,82
MSI,A78-G41 PC Mate,AMD,FM2,DDR3,2,82
Asus,B150M-K,Intel,1151,DDR4,2,81
Asus,X99-M WS,Intel,2011,DDR4,4,81
MSI,B250M Bazooka,Intel,1151,DDR4,4,81
MSI,B350 Gaming Plus,AMD,AM4,DDR4,4,81
Asus,H87M-E,Intel,1150,DDR3,4,80
Asus,H81M-D,Intel,1150,DDR3,2,80
Asus,B85M-G PLUS USB 3K1,Intel,1150,DDR3,4,80
Asus,H97I-PLUS,Intel,1150,DDR3,2,80
MSI,880GMS-E35,AMD,AM3,DDR3,2,80
Asus,P8H61-V,Intel,1155,DDR3,2,79
Asus,P8H67-V,Intel,1155,DDR3,4,79
Asus,P7H55-M LX/USB3,Intel,1156,DDR3,2,79
Asus,F2A85-V Pro,AMD,FM2,DDR3,4,79
MSI,M2-A55M-E33,AMD,FM2,DDR3,2,79
MSI,75MA-G55,AMD,FM1,DDR3,4,79
Asus,Z87-K,Intel,1150,DDR3,4,78
MSI,A55-G41 PC Mate,AMD,FM2,DDR3,2,78
Asus,Sabertooth Z170 S,Intel,1151,DDR4,4,77
Asus,P7P55D LE,Intel,1156,DDR3,4,77
MSI,A55M-P35,AMD,FM1,DDR3,2,77
MSI,A75A-G35,AMD,FM1,DDR3,2,77
MSI,970A-G46,AMD,AM3,DDR3,4,77
Asus,Z97-DELUXE,Intel,1150,DDR3,4,76
Asus,H87-Pro,Intel,1150,DDR3,4,76
Asus,H110I-PLUS,Intel,1151,DDR4,2,76
Asus,M5A88-M,AMD,AM3,DDR3,4,76
Asus,M4A77T,AMD,AM3,DDR3,4,76
MSI,Z87-G41,Intel,1150,DDR3,4,76
Asus,H81M-E,Intel,1150,DDR3,2,75
Asus,Z87I-DELUXE,Intel,1150,DDR3,2,75
Asus,P8H61 PRO,Intel,1155,DDR3,2,75
Asus,M4A785T-M,AMD,AM3,DDR3,4,75
MSI,A78M-E35,AMD,FM2,DDR3,2,75
Asus,Prime B350M-A,AMD,AM4,DDR4,4,74
Asus,H81-GAMER,Intel,1150,DDR3,4,74
Asus,PRIME B250-PLUS,Intel,1151,DDR4,4,74
Asus,P8Z68-V LE,Intel,1155,DDR3,4,73
Asus,A58M-AUSB3,AMD,FM2,DDR3,2,73
Asus,A58M-E,AMD,FM2,DDR3,2,73
MSI,860GM-P33,AMD,AM3,DDR3,2,73
MSI,880GM-E41 (FX),AMD,AM3,DDR3,2,73
MSI,860GM-P35,AMD,AM3,DDR3,4,73
Asus,P8P67 LE,Intel,1155,DDR3,4,72
Asus,P7H55D-M PRO,Intel,1156,DDR3,4,72
Asus,P7H55D-M EVO,Intel,1156,DDR3,4,72
Asus,M4A785TD-M Evo,AMD,AM3,DDR3,4,72
Asus,M5A97,AMD,AM3,DDR3,4,72
Asus,M5A88-M-EVO,AMD,AM3,DDR3,4,72
Asus,Strix Z270E Gaming,Intel,1151,DDR4,4,71
Asus,P8H77-M LE,Intel,1155,DDR3,2,71
Asus,P8H77-V LE,Intel,1155,DDR3,4,71
MSI,Z170A Gaming PRO,Intel,1151,DDR4,4,71
Asus,Z97-AR,Intel,1150,DDR3,4,71
Asus,H81M-V3,Intel,1150,DDR3,2,70
Asus,H81M-K,Intel,1150,DDR3,2,70
Asus,P8Q77-M2,Intel,1150,DDR3,4,70
Asus,B85M-G,Intel,1150,DDR3,4,70
Asus,H61M-PRO,Intel,1155,DDR3,2,70
Asus,M4A88T-M,AMD,AM3,DDR3,4,70
MSI,M2-A85XMA-P33,AMD,FM2,DDR3,2,70
Asus,B75M-A,Intel,1155,DDR3,2,69
Asus,B75M-PLUS,Intel,1155,DDR3,4,69
Asus,P8H61 USB3,Intel,1155,DDR3,2,69
Asus,P7Q57-M DO,Intel,1156,DDR3,4,69
Asus,P7P55D-E,Intel,1156,DDR3,4,69
Asus,A78M-E,AMD,FM2,DDR3,2,69
MSI,H110M PRO-VH,Intel,1151,DDR4,2,69
MSI,350M Mortar,AMD,AM4,DDR4,4,69
Asus,P8H61-I LX R2K0,Intel,1155,DDR3,2,68
Asus,P8H67-I,Intel,1155,DDR3,2,68
Asus,P8H61-I LX,Intel,1155,DDR3,2,68
Asus,P8H61-M PRO,Intel,1155,DDR3,2,68
Asus,P7H55-M/USB3,Intel,1156,DDR3,2,68
Asus,P7H55-M PRO,Intel,1156,DDR3,4,68
Asus,M4A89GTD PRO,AMD,AM3,DDR3,4,68
Asus,M4A785TD-V EVO,AMD,AM3,DDR3,4,68
MSI,860GM-P21 (FX),AMD,AM3,DDR3,2,68
Asus,P8P67,Intel,1155,DDR3,4,67
Asus,P8H67,Intel,1155,DDR3,4,67
Asus,P8P67-M,Intel,1155,DDR3,4,67
Asus,P7P55 LX,Intel,1156,DDR3,4,67
Asus,P7H55-V,Intel,1156,DDR3,4,66
Asus,M4A89TD PRO/USB3,AMD,AM3,DDR3,4,66
MSI,840GM-P25,AMD,AM3,DDR3,2,66
Asus,B85M-E,Intel,1150,DDR3,4,65
Asus,P7H55-M LE,Intel,1156,DDR3,2,65
Asus,P7P55-M,Intel,1156,DDR3,4,65
Asus,H110M-A,Intel,1151,DDR4,2,64
Asus,H110M-EMK2,Intel,1151,DDR4,2,63
MSI,H97 MPOWER,Intel,1150,DDR3,4,63
Asus,F2A85-M LE,AMD,FM2,DDR3,2,62
Asus,F2A85-M PRO,AMD,FM2,DDR3,4,62
Asus,F2A85-M,AMD,FM2,DDR3,4,62
MSI,B85M-G43,Intel,1150,DDR3,4,62
MSI,B250M Mortar Arctic,Intel,1151,DDR4,4,62
Asus,A58M-K,AMD,FM2,DDR3,2,61
MSI,B85M-E45,Intel,1150,DDR3,4,61
MSI,880G-E45,AMD,AM3,DDR3,4,61
Asus,Vanguard B85,Intel,1150,DDR3,4,60
Asus,H97M-E,Intel,1150,DDR3,4,60
Asus,H81I-Plus,Intel,1150,DDR3,2,60
Asus,P8H61-M,Intel,1155,DDR3,2,60
Asus,P8H61-MX USB3,Intel,1155,DDR3,2,60
Asus,P8H61-M LE,Intel,1155,DDR3,2,60
Asus,P8H61-M LE/USB3,Intel,1155,DDR3,2,60
Asus,P8H61 PLUS R2K0,Intel,1155,DDR3,2,60
Asus,P8H61 R2K0,Intel,1155,DDR3,2,60
Asus,P8H61 EVO,Intel,1155,DDR3,4,60
Asus,P7H55 USB3,Intel,1156,DDR3,4,60
MSI,860GM-P34 (FX),AMD,AM3,DDR3,2,60
MSI,990X-G45,AMD,AM3,DDR3,4,60
Asus,P8H61 PLUS,Intel,1155,DDR3,2,59
Asus,P8B75-V,Intel,1155,DDR3,4,59
Asus,B85-PRO,Intel,1150,DDR3,4,58
Asus,H61M-A/USB3,Intel,1155,DDR3,2,58
Asus,A68HM-K,AMD,FM2,DDR3,2,58
MSI,A68HM Grenade,AMD,FM2,DDR3,2,58
Asus,H110M-K,Intel,1151,DDR4,2,57
Asus,P8B75-M LX PLUS,Intel,1155,DDR3,2,57
Asus,P8B75-M LX,Intel,1155,DDR3,2,57
Asus,P8H61-M LX R2K0,Intel,1155,DDR3,2,57
Asus,P8B75-M,Intel,1155,DDR3,4,57
Asus,P7H55-M LX,Intel,1156,DDR3,2,57
Asus,M5A78L,AMD,AM3,DDR3,4,57
Asus,M5A78L LE,AMD,AM3,DDR3,4,57
Asus,H61M-F,Intel,1155,DDR3,2,56
Asus,P8B75-M LE,Intel,1155,DDR3,2,56
Asus,M4A88T-V EVO/USB3,AMD,AM2,DDR3,4,56
Asus,M4A88TD-V EVO/USB3,AMD,AM3,DDR3,4,56
Asus,A88XM-PLUS,AMD,FM2,DDR3,4,56
Asus,A88X-PLUS,AMD,FM2,DDR3,4,56
MSI,GF615M-P31,AMD,AM3,DDR3,2,56
MSI,GF615M-P33,AMD,AM3,DDR3,2,56
MSI,GF615M-P33 V2,AMD,AM3,DDR3,3,56
Asus,H81T,Intel,1150,DDR3,2,55
Asus,H87I-Plus,Intel,1150,DDR3,2,55
Asus,F2A85-V,AMD,FM2,DDR3,4,55
Asus,A88XM-A,AMD,FM2,DDR3,4,55
MSI,870A-G54,AMD,AM3,DDR3,4,55
Asus,P8Q67-M DO TPM,Intel,1155,DDR3,4,54
MSI,B85M-E33 V2,Intel,1150,DDR3,2,54
MSI,A58M-E33,AMD,FM2,DDR3,2,54
MSI,A68HM-E33 V2,AMD,FM2,DDR3,2,54
Asus,H87-PLUS,Intel,1150,DDR3,4,53
Asus,P8H61-M LE R2K0,Intel,1155,DDR3,2,53
Asus,P8Z68-V,Intel,1155,DDR3,4,53
MSI,B150M Bazooka,Intel,1151,DDR4,4,53
Asus,H61M-C,Intel,1155,DDR3,2,52
Asus,P8H67-M LE,Intel,1155,DDR3,2,52
Asus,H61M-ABR,Intel,1155,DDR3,2,52
Asus,P8H61-M LX2,Intel,1155,DDR3,2,52
Asus,P8H67-M,Intel,1155,DDR3,4,52
Asus,P7P55D,Intel,1156,DDR3,4,52
MSI,A55M-E33,AMD,FM2,DDR3,2,52
MSI,M2-A85XA-G43,AMD,FM2,DDR3,4,52
Asus,B85-PLUS,Intel,1150,DDR3,4,51
Asus,B85 PRO GAMER,Intel,1150,DDR3,4,51
Asus,B85MG,Intel,1150,DDR3,4,51
Asus,F2A55-M,AMD,FM2,DDR3,4,51
Asus,H81M-CS,Intel,1150,DDR3,2,50
Asus,H81M-A,Intel,1150,DDR3,2,50
Asus,P8H61-M LX Plus,Intel,1155,DDR3,2,50
Asus,PH67-V,Intel,1155,DDR3,4,50
Asus,P8H77-V,Intel,1155,DDR3,4,50
Asus,M4A87TD Evo,AMD,AM3,DDR3,4,50
Asus,M4A79Xtd Evo,AMD,AM3,DDR3,4,50
MSI,B85M-P33,Intel,1150,DDR3,2,50
MSI,M2-A85XMA-E35,AMD,FM2,DDR3,2,50
MSI,870-G54,AMD,AM3,DDR3,4,50
MSI,870S-G46,AMD,AM3,DDR3,4,50
Asus,P8H61-MLECSM,Intel,1155,DDR3,2,49
Asus,P8H61-M LX+ R2K0,Intel,1155,DDR3,2,49
Asus,P8H61-MX R2K0,Intel,1155,DDR3,2,49
Asus,P8H61-M LX3 PLUS,Intel,1155,DDR3,2,49
Asus,P8H61-M LX3 R2K0,Intel,1155,DDR3,2,49
Asus,P8H61-M EVO,Intel,1155,DDR3,4,49
Asus,P8H61/USB3 R2K0,Intel,1155,DDR3,2,49
Asus,P8H61,Intel,1155,DDR3,2,49
Asus,M5A78L-M/USB3,AMD,AM3,DDR3,4,49
Asus,P8H61-M Plus V2,Intel,1155,DDR3,2,48
Asus,Z97-P,Intel,1150,DDR3,4,48
MSI,B85M-P32,Intel,1150,DDR3,2,48
Asus,M4A88T-M LE,AMD,AM3,DDR3,2,47
Asus,A85XM-A,AMD,FM2,DDR3,2,47
MSI,M2-A75MA-E35,AMD,FM2,DDR3,2,47
MSI,M2-A75MA-P33,AMD,FM2,DDR3,2,47
Asus,H110M-A-MK2,Intel,1151,DDR4,2,46
MSI,B110m,Intel,1151,DDR4,4,46
MSI,GF615M-P33v1K3,AMD,AM3,DDR3,2,46
Asus,P8H61-M Plus,Intel,1155,DDR3,2,45
MSI,890GX-G65,AMD,AM3,DDR3,4,45
Asus,B85M-F,Intel,1150,DDR3,2,44
Asus,B85M-K,Intel,1150,DDR3,2,44
Asus,H81M-PLUS,Intel,1150,DDR3,2,44
Asus,F2A55-M LE,AMD,FM2,DDR3,2,44
Asus,F2A85-M2,AMD,FM2,DDR3,4,44
Asus,B85M-D PLUS,Intel,1150,DDR3,2,43
Asus,B85M-D,Intel,1150,DDR3,2,42
Asus,F2A55-M LK,AMD,FM2,DDR3,2,42
Asus,F2A55-M LK PLUS,AMD,FM2,DDR3,2,42
Asus,A68HM-PLUS,AMD,FM2,DDR3,2,42
MSI,GF725GM-P31,AMD,AM3,DDR3,2,42
Asus,H61M-Plus,Intel,1155,DDR3,2,41
Asus,H61M-E,Intel,1155,DDR3,2,41
Asus,M5A78L-M LX PLUS,AMD,AM3,DDR3,2,41
MSI,M2-A55M-E35,AMD,FM2,DDR3,4,40
Asus,H110M-C,Intel,1151,DDR4,2,39
Asus,A55M-A,AMD,FM2,DDR3,2,39
MSI,A88XM-E35,AMD,FM2,DDR3,2,39
Asus,M4N68T-M V2,AMD,AM3,DDR3,2,36
Asus,M4N68T V2,AMD,AM3,DDR3,4,36
Asus,M4N68T-M LE V2,AMD,AM3,DDR3,2,36
Asus,A55M-A-USB3,AMD,FM2,DDR3,2,30
Asus,A55M-E,AMD,FM2,DDR3,2,30
MSI,890FX-GD70,AMD,AM3,DDR3,4,30
MSI,M2-A55M-P33,AMD,FM2,DDR3,2,30
Asus,H61M-K,Intel,1155,DDR3,2,29
MSI,860GMA-P34 (FX),AMD,AM3,DDR3,2,29
Asus,Z170-PREMIUM,Intel,1151,DDR4,4,27
MSI,885GM-E51,AMD,AM3,DDR3,4,25
Asus,Sabertooth,Intel,1155,DDR3,4,20
